[{"SalasNavID": "ACwAAAdyk18B8tW07uyFn7Q2UzH6-1qYz5o0y0g", "ProfileURL": "https://www.linkedin.com/in/arash-gourgani-cpa-793a1835/"}, {"SalasNavID": "", "ProfileURL": "https://www.linkedin.com/in/jessica-dupont-a14aa12b1/"}, {"SalasNavID": "", "ProfileURL": "https://www.linkedin.com/in/jessica-dupont-a14aa12b1/"}, {"SalasNavID": "", "ProfileURL": "https://www.linkedin.com/in/jessica-dupont-a14aa12b1/"}, {"SalasNavID": "ACwAAAGDFAUB5i90MlcjGk03nnpGQNDAFkXb-LI", "ProfileURL": "https://www.linkedin.com/in/kevin-collier-3715b48/"}, {"SalasNavID": "ACwAABvV92cB_ABN_FMQqzf2E0L-x_ewph9IPzI", "ProfileURL": "https://www.linkedin.com/in/rodrigo-munoz-a5b496110/"}, {"SalasNavID": "", "ProfileURL": "https://www.linkedin.com/in/jessica-dupont-a14aa12b1/"}, {"SalasNavID": "ACwAADMLshEBsUOBvOpk_Y62OK7PgFcUxUUFhzU", "ProfileURL": "https://www.linkedin.com/in/juliparsons/"}, {"SalasNavID": "ACwAADQ-m4QBYcWI6-0ryBZ-n7JFXaWO_S9uchg", "ProfileURL": "https://www.linkedin.com/in/saffa-mehmood-458664205/"}, {"SalasNavID": "ACwAAAOc5KwBtxxKFdutrj95uKvXGfZl7Is1dE8", "ProfileURL": "https://www.linkedin.com/in/tonyan-g-52437118/"}, {"SalasNavID": "", "ProfileURL": "https://www.linkedin.com/in/jessica-dupont-a14aa12b1/"}, {"SalasNavID": "ACwAAAjl8DMBSdMjlq2apWZXLNrbxp9IH1wH-lY", "ProfileURL": "https://www.linkedin.com/in/leslie-bruner-b03bb441/"}, {"SalasNavID": "ACwAABHfwyEB5ots6RwVGAlZ2i-BlmLQqo47H9M", "ProfileURL": "https://www.linkedin.com/in/brasson/"}, {"SalasNavID": "ACwAAAkPJMcBC3Uvtn65964mnT0XSePfG5ttSsY", "ProfileURL": "https://www.linkedin.com/in/joel-d-807a9742/"}, {"SalasNavID": "ACwAABjRpaoBBwFBvtPuvmrxXgJrHtJQmfp7OtA", "ProfileURL": "https://www.linkedin.com/in/darrell-lewis-b4a547b7/"}]